30059;G
30246;G
30210;G
30025;G
30100;G
30184;G
30057;G
30003;G
30263;G
30119;G
30243;G
30054;G
30135;G
30094;G
30005;G
30291;G
30207;G
30265;G
30032;G
30221;G
30074;G
30050;G
30039;G
30124;G
30132;G
30081;G
30214;G
30217;G
30139;G
30245;G
30058;G
30213;G
30080;G
30131;G
30123;G
30038;G
30051;G
30075;G
30222;G
30033;G
30266;G
30208;G
30292;G
30006;G
30009;G
30136;G
30055;G
30244;G
30120;G
30264;G
30004;G
30140;G
30218;G
30099;G
30024;G
30209;G
30056;G
30183;G
30238;Red
30224;Red
30178;Red
30192;Red
30047;Red
30276;Red
30089;Red
30174;Red
30228;Red
30021;Red
30252;Red
30148;Red
30170;Red
30268;Red
30067;Red
30230;Red
30150;Red
30106;Red
30017;Red
30274;Red
30256;Red
30234;Red
30126;Red
30122;Red
30280;Red
30065;Red
30290;Red
30212;Red
30110;Red
30286;Red
30270;Red
30194;Red
30037;Red
30149;Red
30229;Red
30066;Red
30267;Red
30169;Red
30147;Red
30251;Red
30020;Red
30227;Red
30173;Red
30088;Red
30275;Red
30046;Red
30191;Red
30177;Red
30223;Red
30237;Red
30036;Red
30193;Red
30269;Red
30285;Red
30109;Red
30211;Red
30289;Red
30064;Red
30279;Red
30121;Red
30125;Red
30233;Red
30255;Red
30273;Red
30016;Red
30105;Red
30039;Pink
30124;Pink
30132;Pink
30166;Pink
30031;Pink
30007;Pink
30141;Pink
30222;Pink
30033;Pink
30200;Pink
30162;Pink
30041;Pink
30144;Pink
30087;Pink
30202;Pink
30152;Pink
30029;Pink
30118;Pink
30083;Pink
30114;Pink
30113;Pink
30082;Pink
30117;Pink
30028;Pink
30151;Pink
30201;Pink
30086;Pink
30143;Pink
30040;Pink
30161;Pink
30199;Pink
30032;Pink
30221;Pink
30074;Pink
30050;Pink
30053;P
30164;P
30176;P
30175;P
30163;P
30052;P
30133;P
30010;P
30101;P
30078;P
30241;P
30203;P
30204;P
30242;P
30079;P
30102;P
30011;P
30134;P
30085;Blue
30069;Blue
30093;Blue
30158;Blue
30043;Blue
30049;Blue
30180;Blue
30188;Blue
30002;Blue
30035;Blue
30190;Blue
30077;Blue
30172;Blue
30160;Blue
30045;Blue
30146;Blue
30248;Blue
30260;Blue
30108;Blue
30240;Blue
30013;Blue
30198;Blue
30112;Blue
30130;Blue
30116;Blue
30063;Blue
30272;Blue
30096;Blue
30374;Blue
30073;Blue
30154;Blue
30015;Blue
30262;Blue
30375;Blue
30095;Blue
30271;Blue
30062;Blue
30115;Blue
30129;Blue
30111;Blue
30197;Blue
30012;Blue
30239;Blue
30107;Blue
30259;Blue
30247;Blue
30145;Blue
30044;Blue
30159;Blue
30171;Blue
30076;Blue
30189;Blue
30034;Blue
30001;Blue
30187;Blue
30179;Blue
30048;Blue
30042;Blue
30157;Blue
30092;Blue
30068;Blue
30084;Blue
30261;Blue
30014;Blue
30153;Blue
30072;Blue
30123;Brn
30038;Brn
30051;Brn
30075;Brn
30090;Brn
30137;Brn
30155;Brn
30127;Brn
30235;Brn
30103;Brn
30231;Brn
30257;Brn
30070;Brn
30253;Brn
30277;Brn
30281;Brn
30287;Brn
30018;Brn
30283;Brn
30195;Brn
30167;Brn
30225;Brn
30249;Brn
30250;Brn
30226;Brn
30168;Brn
30196;Brn
30284;Brn
30019;Brn
30288;Brn
30282;Brn
30278;Brn
30254;Brn
30071;Brn
30258;Brn
30232;Brn
30104;Brn
30236;Brn
30128;Brn
30156;Brn
30138;Brn
30091;Brn
30142;Brn
30008;Brn
30030;Brn
30165;Brn
30131;Brn
30175;Y
30026;Y
30027;Y
30176;Y
30023;Org
30061;Org
30220;Org
30186;Org
30182;Org
30181;Org
30185;Org
30219;Org
30060;Org
30022;Org
30205;Org
30215;Org
30080;Org
30166;Org
30031;Org
30007;Org
30141;Org
30074;Org
30050;Org
30039;Org
30124;Org
30132;Org
30081;Org
30216;Org
30206;Org
30258;P
30232;P
30104;P
30236;P
30128;P
30156;P
30138;P
30091;P
30074;P
30050;P
30039;P
30124;P
30132;P
30166;P
30031;P
30007;P
30141;P
30090;P
30137;P
30155;P
30127;P
30235;P
30103;P
30231;P
30257;P
